JAR_ID,TOKEN,URL
cherry-dosidos-01,oCJXEHu22rNtcplWSBSYXg,https://loudleagueexotics.com/products/oCJXEHu22rNtcplWSBSYXg.html
cherry-dosidos-02,FJsHCAGFH8RD0YGBtqxrCg,https://loudleagueexotics.com/products/FJsHCAGFH8RD0YGBtqxrCg.html
cherry-dosidos-03,7ye2EGOZAjhRmy6EypS6EQ,https://loudleagueexotics.com/products/7ye2EGOZAjhRmy6EypS6EQ.html
cherry-dosidos-04,j92GP6HmTny_LGL8d4ydFw,https://loudleagueexotics.com/products/j92GP6HmTny_LGL8d4ydFw.html
cherry-dosidos-05,uOih-wYKjpica8ZJdtv4HQ,https://loudleagueexotics.com/products/uOih-wYKjpica8ZJdtv4HQ.html
cherry-dosidos-06,0jkcrkV3ukMnPSpQTX52UA,https://loudleagueexotics.com/products/0jkcrkV3ukMnPSpQTX52UA.html
cherry-dosidos-07,sjhDLvEXMcwkG7fSQmEtgA,https://loudleagueexotics.com/products/sjhDLvEXMcwkG7fSQmEtgA.html
cherry-dosidos-08,N3Ehkqup_N1JgBh5eJX1aA,https://loudleagueexotics.com/products/N3Ehkqup_N1JgBh5eJX1aA.html
cherry-dosidos-09,AndIw-2MEWZmZDEDLF8vWg,https://loudleagueexotics.com/products/AndIw-2MEWZmZDEDLF8vWg.html
cherry-dosidos-10,byyGeX-vCCK0HCFS9K7RkA,https://loudleagueexotics.com/products/byyGeX-vCCK0HCFS9K7RkA.html
cherry-dosidos-11,rAzWZZ9WbybipkxUK84dpg,https://loudleagueexotics.com/products/rAzWZZ9WbybipkxUK84dpg.html
cherry-dosidos-12,Gn2uJR2erJt2gkniUSDFaw,https://loudleagueexotics.com/products/Gn2uJR2erJt2gkniUSDFaw.html
cherry-dosidos-13,MuERCz93oQ0IFqz5yaDfyg,https://loudleagueexotics.com/products/MuERCz93oQ0IFqz5yaDfyg.html
cherry-dosidos-14,FqRSzmu2PON0rMOESOm31g,https://loudleagueexotics.com/products/FqRSzmu2PON0rMOESOm31g.html
cherry-dosidos-15,4PrFMN78jeRyXkrJSDYSwg,https://loudleagueexotics.com/products/4PrFMN78jeRyXkrJSDYSwg.html
cherry-dosidos-16,mji60Q1DJOSTRM1pP1C3Vg,https://loudleagueexotics.com/products/mji60Q1DJOSTRM1pP1C3Vg.html
cherry-dosidos-17,Hb9AK6jgfqfpdcvrAmvj0A,https://loudleagueexotics.com/products/Hb9AK6jgfqfpdcvrAmvj0A.html
cherry-dosidos-18,8a9khkJvXA4W690bp7U6Lg,https://loudleagueexotics.com/products/8a9khkJvXA4W690bp7U6Lg.html
cherry-dosidos-19,1WsQVJQd3zECk-DjN1jpMw,https://loudleagueexotics.com/products/1WsQVJQd3zECk-DjN1jpMw.html
cherry-dosidos-20,W73dOUW5ukfR5ekB4m-hWg,https://loudleagueexotics.com/products/W73dOUW5ukfR5ekB4m-hWg.html
cherry-dosidos-21,X12mj6ZUfRRUfCjtlyt4wQ,https://loudleagueexotics.com/products/X12mj6ZUfRRUfCjtlyt4wQ.html
cherry-dosidos-22,OmTaaWjIP0E84ohaD_RO1w,https://loudleagueexotics.com/products/OmTaaWjIP0E84ohaD_RO1w.html
cherry-dosidos-23,mlky9el1EtjMFEIV0WzVAA,https://loudleagueexotics.com/products/mlky9el1EtjMFEIV0WzVAA.html
cherry-dosidos-24,m6at_Rnviuy7QFoHjVEeZA,https://loudleagueexotics.com/products/m6at_Rnviuy7QFoHjVEeZA.html
cherry-dosidos-25,QI2qSW0tEC9P55mg39So1Q,https://loudleagueexotics.com/products/QI2qSW0tEC9P55mg39So1Q.html
cherry-dosidos-26,-IpCG170qXDPsHR1WCPK_g,https://loudleagueexotics.com/products/-IpCG170qXDPsHR1WCPK_g.html
cherry-dosidos-27,SYEIv9u5e1APtLiLtOJImw,https://loudleagueexotics.com/products/SYEIv9u5e1APtLiLtOJImw.html
cherry-dosidos-28,oELW3WXuzpLz86jBKtviYA,https://loudleagueexotics.com/products/oELW3WXuzpLz86jBKtviYA.html
cherry-dosidos-29,tD7WoLTnHPDp0cpf1ntceA,https://loudleagueexotics.com/products/tD7WoLTnHPDp0cpf1ntceA.html
cherry-dosidos-30,PlWEQPuzstnvS1dXz3inKw,https://loudleagueexotics.com/products/PlWEQPuzstnvS1dXz3inKw.html
cherry-dosidos-31,VtGhEHpyJ5dTBwEj-vb77A,https://loudleagueexotics.com/products/VtGhEHpyJ5dTBwEj-vb77A.html
cherry-dosidos-32,ZSiEcLqpdPPGQiWsFWKU5A,https://loudleagueexotics.com/products/ZSiEcLqpdPPGQiWsFWKU5A.html
cherry-dosidos-33,Mn6T6EHoSplbsa3ZGqMv-A,https://loudleagueexotics.com/products/Mn6T6EHoSplbsa3ZGqMv-A.html
cherry-dosidos-34,F98AAD2Lhs0eT4qEF7G86g,https://loudleagueexotics.com/products/F98AAD2Lhs0eT4qEF7G86g.html
cherry-dosidos-35,NBefMQLwLCqzErVmNSasuw,https://loudleagueexotics.com/products/NBefMQLwLCqzErVmNSasuw.html
cherry-dosidos-36,1sP85r1rHh6-MDYNYMn14A,https://loudleagueexotics.com/products/1sP85r1rHh6-MDYNYMn14A.html
cherry-dosidos-37,4RrW8Edpy4-2BEN2C_2IYw,https://loudleagueexotics.com/products/4RrW8Edpy4-2BEN2C_2IYw.html
cherry-dosidos-38,zhyCaiDVqJuyBRsMNJJ2TA,https://loudleagueexotics.com/products/zhyCaiDVqJuyBRsMNJJ2TA.html
cherry-dosidos-39,tppwS0WERNRFyQlbGtlRMw,https://loudleagueexotics.com/products/tppwS0WERNRFyQlbGtlRMw.html
cherry-dosidos-40,-YnzPsF4VV4weVZxyytOaA,https://loudleagueexotics.com/products/-YnzPsF4VV4weVZxyytOaA.html
